<?xml version="1.0" encoding="UTF-8" standalone="no" ?>
<configuracaoTSP>
	<name>tspconfig</name>
	<source>TSPLIB</source>
	<description>Configuração da programa de Algoritmo Genético</description>
		 <integer>15</integer>
		 <printParcial>1</printParcial>
		 <tamanhoPopulacao>30</tamanhoPopulacao>
		 <numGeracoes>50</numGeracoes>
		 <percentManipulacao>30</percentManipulacao>
		 <percentMutacao>20</percentMutacao>
		 <percentReducao>77</percentReducao>
		 <mutacao>6</mutacao>
		 <selIndMutacao>1</selIndMutacao>
		 <cruzamento>9</cruzamento>
		 <numExec>1</numExec>
		 <roleta>0</roleta>
		 <percentElitismo>70</percentElitismo>
		 <ativaRecursivo>1</ativaRecursivo>
</configuracaoTSP>
